komentar;label
"@IndoPopBase Ratain dulu kualitas sekolah di pelosok pastiin semuanya ada komputer, baru ngomong AI 
Tapi kepikiran sampe sini ga? Awkwkwkwk

Lagian kurikulum AI apa sih? Bikin prompt??? Tailah";
untuk apa sebenarnya ? Untuk menyelesaikan soal matematika dasar ? Tidak semua orang mau anaknya bodoh seperti anda;
" kalau mau masukin pelajaran AI untuk kelas sekolah umum (smu) dan  di SMK(kejuruan).

sekolah dasar =| cukup matematika pedoman dan pondasi dasar dr semua basis Teknologi . 
kalau sekedar pengenalan definisi diSMP.";
" padahal dasar semua program Algorthm dan Jaringan AI mencangkup nilai dasar Matematika dan terusanya (Lain2nya).
kombinasi code(Software)/chip/server/sinkronisasi/Modal/etc. 
Wapresnya? berlebihan menyikapi Trend . 

lagian kalau sadar diri seharusnya enga usah nyapres";
"@IndoPopBase pelajaran AI : Maksud nya gmn? 
pelajaran AI tentang pengenalan pengetahuan dasar / secara teknis mempelajari fungsi2 dari AI 

pelajaran AI ::: &gt;
Pemrograman Sistem.
Rekayasa Perangkat Lunak.
Keamanan Jaringan.
Basis Data.
Bahasa Pemrograman Beragam
ML
etc. 

ketinggian";
"@IndoPopBase Belajar AI nya pakai Pensil 2B atau Spidol Marker? 
Kebetulan mayoritas sekolah tidak punya sarpras yang mumpuni, gedungnya aja masih pada berantakan. Juga, gurunya masih sibuk berjuang melawan rendahnya penghasilan dan ancaman pemberhentian karena penghapusan honorer.";
"@IndoPopBase Jangan semuanya dong, anak sd-smp belom tau dasar2nya, kalau sma baru AI bisa sedikit di impelementasikan, itupun dasar2nya aja.

Tingkat berpikirnya belom sampe situ, apalagi mengingag rekam jejak kurikulum sebelumnya yang ngebuat standar pendidikan menurun :(";
@stLaurentttt @negatifdioda @IndoPopBase Basic microscoft aja duluu ......;
@IndoPopBase gausah dibuatin kurikulum, adik adik kita udah lebih pinter pake ai kalo sebatas explore fitur dan prompt.;
"@IndoPopBase pendidikan? AI
ekonomi? AI
kemacetan? AI
hilirisasi? AI
negara AI jir, pelajari utk menguasai AI dulu sebelum dikuasai AI woi";
Tidak semudah itu menerapkan hal semacam ini dalam kurikulum sekolah. Ada begitu banyak hal yang harus dipertimbangkan. Saya rasa dia tidak benar-benar memahami apa yang dia bicarakan.;
"@IndoPopBase Murid-murid masih banyak yg bodoh udah mikirin AI segala. Orang bisa pake AI dengan bener kalo udah paham dasar suatu masalah. Ini murid-muridnya belum paham udah dikasih AI, malah di salah gunakan ntar, semua tugas pake AI ujung""nya ttep bodoh.";
"@gnshh_ @IndoPopBase Bkan ga boleh, tp kebijakan soal ini tuh kyak ngelangkahin bnyk ""anak tangga kebijakan"" yg lbih krusial. Yg dasar² aja utk pemenuhan kebutuhan belajar yg baik baik siswa blum smua sekolah merasakan. hal mendasar yg jdi mslah slama ini kan kesenjangan antar wilayah itu jauh";
@IndoPopBase Lu aja yg ngajar. Nyari guru informatika aja susah inilagi sok ngide mau ngajarin Ai;
@awidprsta @IndoPopBase sing poseng guru TIK wkowkowko;
@okarzk Tapi masih belum kebayang gimana sekolah sekolah di pedalaman bisa catch up wkwkwk sulit;
"@kompascom Kalo pendapat saya mending wajib ekskul koding &amp;AI jangan langsung wajib diterapkan dlm kurikulum malah simalakama 
Sementara ini pengadaan alat paling mahal adalah g berkaitan dg TEKNOLOGI apalagi AI massiv skala nasi uduk";
Tapi anak-anak zaman sekarang memang sudah pada belajar coding juga, bukan coding di level 'itu', basic yang super simpel. Kekhawatirannya adalah, bagaimana konsep penyampaiannya saja harus dirancang dengan baik #azeeeq;
@okarzk Wkwkwk gak apa sih sekalian gurunya jg belajar;
@Alpriliaa @kompascom Kl kompetensi sih sdh ada program pelatihan guru penggerak dll, cuma kesejahteraan masih jauh dan fasilitas antara daerah dgn kota beda jauh. Kemarin ada seminar guru penggerak, di daerah lebak masih ada sekolah dari papan dan berada diatas batu karena tdk punya tempat..;
@kompascom Waduh pak, kemarin anak minta ajarin coding dr google yg pusing orangtuanya..;
"@kiyoshihikaru @kompascom Bener mapel pilihan bukan mapel wajib, cmn dri rata2 yg saya tengok nganggepnya mapel wajib, auto jdi parno , padahal kalau mereka mau search di hp ""smart"" Nya mereka, coding for kids pasti paham lah coding buat anak sd - smp kek gmn, bukan seperti orng2 professional";
@Travel_Jepara @kompascom Bener banget, morowali yg katanya kabupaten paling kaya di indonesia juga mati lampu mulu, gimana mau mencerdaskan generasi bangsa kalo keperluan dasar aja ga tercukupi (listrik);
@hendrowijonarko @kompascom @kemenpendidikan Bangsat banget memang, anak2 dikasih mapel mahasiswa, tolol banget idenya ga berdasar. Udah acak2an ini pendidikan indo, masih mau dibuat kacaw lagi;
Liat aja 2045 bocil kematian gak ada akhlak bakal merajalela (tentu saja bukan anakku karena aku akan mendidik mereka sangat keras agar tidak jadi kayak fufufafa);
@kompascom PEMERINTAH BIKIN KURIKULUM NGADA2 AJA GAK PERNAH BECUS ANJG. SEKOLAH DASAR TUH TEMPAT MEMUPUK BUDI PEKERTI DAN WAWASAN UMUM, BUKAN DISURUH NGODING AMA NGURUSIH MACHINE LEARNING COK GOBLOK;
"@kompascom Ya gpp sih, tapi pelajaran super dasar juga kayanya boleh dipertimbangkan buat masuk dalam kurikulum, seperti : pengenalan rambu2 lalu lintas, menyeberang jalan, ketika berkendara &amp; ketemu ambulance, di transportasi umum. Pelajaran kaya anak kecil Cina itu loh.";
"@kompascom Minimal ajari dulu dasar kesopanan kek,
Cara bebersih rumah,
Cara makan,
Basic manner gtu";
@kompascom Ya ampun, kemarin masih ada anak kelas 3 SMA yg belum bisa perkalian sama pembagian. Matematika dasar aja masih banyak yg ngangong, udah mau masukkin materi coding dan AI. Benerin dululah yg dasar dasar;
@kompascom Ah..palingan anak2 disuruh ngobrol dengan AI..Yang tidak mengerti, tanya dengan AI..Dan akhirnya anak2 tidak lagi menggunakan akal pikirannya..hanya bertumpu pada AI..Terbentur dgn suatu persoalan, tinggal tanya AI...;
@kompascom saat ini (mgkn) sebagian anak2 kita sudah menggunakan AI (chat gpt) untuk mencari jawaban berbagai hal bahakan mgkn mengerjakan tugas. Skr malah akan memperkenalkan AI ke anak SD, menurut saya kok terlalu dini.;
@kompascom Sebetulnya kalo di pikir2 org semakin (maaf) bodoh dengan adanya teknologi semcam smart phone, apalagi ditambah dgn AI. Coba tanyakan pada diri sendiri apakah kita hafal no telp semua anggota keluarga kita ? kita semakin tergantung pada teknologi.;
"@kompascom Gausah berat² dulu, anak sd kudu bisa baca sama ngitung sederhana dan belajar adab,budi pekerti udah 
Apaan ai ai coding codingan. Guru aja pusing mikirin anak yg ga bisa apa², ga masuk sekolah tp kudu di naikin. Ini lagi ai coding. Benerin dulu sistem sama dasarnya gausah aneh²";
@kompascom Harusnya kompetensi dasar dulu atau pondasinya dulu di kuatkan, pondasinya aja ngga kuat, malah nambah pelajaran yg cenderung membuat siswa ruwet di satu sisi yg di rugikan yang minim ekonominya karena harus menyediakan laptop untuk belajar coding dan AI;
"@kompascom Gue kasihan sma anak2 nya. Ini bukan cuma pusing di para siswanya...

Gue yakin sampai ke ortu mereka juga pusing!!!!!!

Ya allah PEMERINTAHAN KOK TOLOL SEMUAAA";
@kompascom Pemerintah lebih baik memfasilitasi program ini diluar dari program wajib atau mapel wajib. Sekarang kalistung aja masih persoalan serius,malah mau nambah ai/coding...;
"@kompascom Di Indonesia,
Anak SD yg punya laptop/PC ada berapa persen?
Sekolah yg punya laptop/PC ada berapa persen?
Pengajar AI dan coding yg bersertifikat ada berapa ribu orang?
Sepertinya sekolah &amp; murid SD belum siap?";
"@Heir184171 @kompascom Dia menjalankan perintah dari wapres idamanmu
Ketika itu di ucapkan tidak ada kata khusus atau pilihan..
Mentri langsung mengaminin tanpa berkaca pada program gagalnya UAN

#itupoinnya Bambang..

Jangan karena ingin menjilat wapres tanpa riset langsung Diamin,, itu kritiknya..";
@kompascom Matematika dasar aja anak SMA masih banyak yg gagap pak. Belum lg ngetik di ms word atau fungsi2 di ms excel. Kok ya tau2 coding, kek manaaaa...;
@WarasManReborn @kompascom Kalau tengok berita itu yg utuh, Pak menteri cakap nggk semua sekolah, hanya bagi sekolah yg betul betul siap sarana dan prasarananya,;
@kompascom Mending di kaji dulu lebih dalam Pak, urgent atau ga ini. Namanya juga Sekolah Dasar, ajarilah dasar-dasar semua. Ga pakai AI aja anak anak sekrg pas masuk SD udah pakain kacamata, saking rusaknya matanya, karena dari kecil tiap nangis disodorin hape.;
@kompascom Yg ngajar punya disiplin ilmu ga belum lagi fasilitas komputer laptop support ga;
@kompascom belajar adab noh penting, harusnya pelajaran gitu dari kecil udah di ajarin. jadi agama tuh gak perkara solat aja, ada banyak bgt harus diajarin.;
@kompascom ada ndak ya kajian2 kurikulum spt di negara eropa, AS, Aussie untuk sd-smp , bagaimana perbandingan dan dinamika perubahannya selama 10 tahun terakhir, jangan2 kita saja yg tidak punya model dasar kurikulum dan centil untuk selalu ubah kurikulum sesuai selera.;
@kompascom Akhlak nya anak² jelek² bgt, sopan santun, unggah ungguh nya.. malah pelajaran yg gituan T.T;
@kompascom Ajarin bahasa inggris aja kali pak.;
@kompascom Mending tingkatkan pendidikan mental dan adab aja pak.. anak skrg bnyk yg adabnya ga bagus..;
"@Xenotyze @kompascom jangan lihat serius bang 
lihat dari segi pengadaan akan ada laptop/tablet gratis buat anak SD 
klo masalah modul ya abang tugasnya";
"@kompascom Mirip ini ya? Sehat sehat deh buat dedek"" sd 
Dulu gw SMP ada TIK pas SMA malah dibapus. Heran tiba"" pas udah lulus SMA perkembangan teknologi udah pesat. Negara mana lagi yang tiap ganti menteri ganti kurikulum  https://t.co/9NjJjcKTKk";
@kompascom Yg dasar2 dulu aja deh pak, itu lebih penting.;
"@kompascom Perbaiki aja dl mapel yg ada.

Miris lihat pengetahuan umum aja banyak yg gak tahu. Beda ma jaman2 dl gimana kita sekolah harus hafal dan tahu smua.

Mulai dr negara kita aja. Batas wilayah, provinsi mana penghasil apa, dll.

Sekarang mau maju, tp hal2 penting aja mrk gak tau";
@kompascom Sd muhammadiah jogja udah ada. @prwtrn;
"@kompascom Meanwhile :
Anak SD gk bisa di atur
Anak SMP gk bisa baca
Anak SMA gk bisa perkalian dan pembagian sederhana (mana jurusan IPA lagi)
Terus lu ngarep mereka bisa coding? Itu anak teknik informatika aja banyak yang masih cetek ilmu coding nya.
Lawak";
@kompascom Ngasi materi coding dan ai ini ga akan menggeser pembelajaran adab dan agama yang kaya kalian bilang.;
@kompascom banyak tools coding yang basisnya permainan anak anak, kaya nyusun kata tapi dengan konsep warna dan bentuk, jadi nanti gak akan memaksa anak” buat berpikir terlalu teknis dan mengharuskan anak buat paham matematis dari kata coding tadi, dan ada juga negara yang nerapin hal sama.;
@kompascom Disclaimer teman teman, mungkin banyak yang ga setuju, tapi konsep coding dan ai itu ga mungkin akan langsung di kasi materi buat ngetik code dan bikin ai, banyak kok tools yang ga mengharuskan ngetik.;
@kompascom This good for high schoolers. Tapi untuk anak2 paud ato SD sepertinya lebih baik dan banyak porsi nya ke pendidikan IMTAQ dan manner.;
@kompascom kemarin aja ada anak artiz yg ngitung 75+75=140, kok bisa-bisanya mau ngajarin e-ai e-ai di SD WKWK;
@kompascom AI????? Serius??? Baiklah. Waktunya minggat dari Indo. Bye.;
@jilujilo @kompascom AI? Pol mentok ngangho chat gpt, makin instan makin ga bisa mikir. Kerennnnnnn;
@kompascom Pak tolong kalau ambil kebijakan libatin stakeholder terkait dong, research dulu gimana dampaknya ke murid, guru, dan sekolah, jangan langsung iyain iyain aja deh masih banyak yang lebih penting dari sekedar jadiin coding sebagai mapel pilihan;
@kompascom Kejauhan pak. Anak2 sd mending diajarin CPR dan heimlich maneuver dulu ajeu. Se basic itu.;
@kompascom AI tanpa belajar formal dah pd pinter;
"Tidak, Pak!!! Mohon.... . TIDAK!!!!!!!!!!!!!!!
Minimalisasi eksposur gawai pada anak-anak.
Lihatlah Swedia...";
@kompascom Mau ngakak tapi miris. Guru ngajar matpel dasar aja sering kga keserep sama tu bocil² apalagi ini. Kta gua mending kualitas pendidikan merata dlu aja dah.;
@kompascom Mungkin sebaiknya belajar coding sejak bayi baru lahir.;
@kompascom pelajaran sekolah makin tinggi tapi pelajaran adab makin tertinggal;
"@kompascom Aduh pak Mukti.. wkwkwk
Sorry guru muhamadiyah pun banyak yg gaptek pak.. plislah. 
Honor ga seberapa. 

Ya menteri emg kepanjangan dr atasnya. Tp jangan manut2 bangetlah.";
@kompascom SD dan SMP mah yg perlu ditingkatkan kemampuan membaca dan matematika. Inimah ujungnya memberatkan wali murid kudu beli PC/laptop sendiri;
@kompascom Pak, perkara device pendukung e lo blm tentu punya semua utk AI dan codingnya, ya ampun...;
@kompascom Mantep ini, aku suka...;
@kompascom Ujung ujungnya ada kelas kusus dengan biaya mahal, dan tidak semua siswa bisa memperoleh akses sama, dobol;
@kompascom nah di apk ini anak anak akan belajar misal buat game sederhana gt, pake perintah² yang ada disitu.. lebih ke belajar dlu fungsi dari masing² perintah mungkin ya.. murid bisa pakai HP, Tab, Chromebook atau laptop.. tp saran gurunya pakai chromebook.;
"@kompascom anak saya sekolah di MI udah ada pelajaran coding dari kelas 1, sekarang udah kelas 2.
FYI codingnya bukan seperti yang kebanyakan kalian pikirkan dengan segala jenis kerumitan, statistika dll ya..
jd belajar coding nya pake apk STRATCH..";
@kompascom Sekalian kasih laptop dan pulsa gratis, bukan cuma makan siang gratis. Kan dari hasil tambang nikel, batubara, timah, dan pasir cukup untuk membiayai;
@kompascom Lebih penting lagi masukkan pelajaran Akhlak, Agama, Etika, PMP dan Sejarah Indonesia. Sama ajarkan CINTA TANAH AIR . Sejarah Dunia ndak perlu diajarkan.;
@kompascom Kalian yg marah-marah ini baca gak sih? Kata pak mu'ti yg mampu. Kalau belum MAMPU yang berarti ya ga diterapin, fokus sama apa yg perlu dikuatkan dulu. Gak dipaksakan semuanya tiba-tiba ada mapel AI sama Coding.;
@kompascom Anak sd d kasi soal , ah cape la scan soal search d ai dah siapp, satu due tige ahh mudahnye;
@kompascom Makin senjang aja kualitas pendidikan setiap siswa di beda daerah gimana mau merata hufty;
"@kompascom Asal ada anggaran untuk pembelian Pc di masing2 sekolah yaaa pak dan jgn lupa merata diseluruh kota kab sampe
Plosok";
@hars_12 @WarasManReborn @am_ziyah @kompascom Miris ya bang mulut doang pedes, minat baca nol. Kaum-kaum yang gampang ke trigger karena judul dan narasi pendek;
;
"@kompascom Masalah rumit apa yang anak SD hadapi sehingga sangat memerlukan AI dan coding programming?!

Lha wong anak SD SMP banyak yang gak bisa calistung. Ini masalah mendasar kurikulum sekarang ini.";
;
@kompascom Kenapa ga diberikan pelajaran matematika dasar? Pelajaran komputasi awalnya dari logika matematika;
"@kompascom mimpi terlalu jauh, 
jagain data rahasia penduduk indonesia saja gagal, bocor kemana2

apa lagi mengharapkan AI sejak SD, yang ada malah mereka diajak judol versi kanak2

beras, jagung, kedelai bahkan susu masih impor, lebih baik ajarin anak2 menanam jagung, cabe  drpd yg aneh2";
;
@kompascom Mereka ini tidak tahu kah, SMA pun masih byk yg gak ada listrik di negara ini.;
@kompascom Ah aku pikir menteri yang satu ini akan buat program yang bagus, eh nggak taunya sama saja dan bahkan malah ngawur.;
"@kompascom Mau sok high tech tapi gak mikirin penunjang nya yg kudu siap sampe pelosok desa...
Basic dulu deh.. belajar ADAB...
Bocah sekarang kebanyakan bocah kematian semua";
" Smoga pemerataan pendidikan dan menciptakan sekolah unggulan bsa jalan beriringan dg pemerataan sbg prioritas utama, namun sblm itu.. minimal APBN pendidikan bisa ditingkatkan bahkan melebihi APBN polisi yg kerjanya lbh cpt kalau kasus viral  &amp; tdk mjdkn proyek tsb sbg ladang korup";
@kompascom Dlu ada sekolah negeri dg label RSBI dihapuskan krn dikatakan adanya pengkotak2an, penggunaan bilingual yg dpt menghilangkan rasa bangga pd bindo. Jd sebetulnya lbh urgen pemerataan pendidikan atau sistem unggul pd sklh ttnt? Pdhl b. Ing jg penting dlm menciptakan SDM unggul-_-;
@kompascom tingkat SD sekarang,matematikanya sudah kuat belum ?;
@kompascom Prof Mukti kenapa jadi mbalelo gini? Anak kecil itu harus banyak sosialisasi dan bermain jgn dibebani pelajaran yg berat;
"@kompascom adab baru ilmu.

jgn spt wapres fufufafa.
sdh tdk beradab tdk berlimu pula.";
@kompascom Assalamualaikum Pak Menteri @Abe_Mukti tlg jgn diterima saran aneh dari Wapres. Walau hanya jd mapel pilihan tetap ujungnya akan dijadikan sbg Mapel Umum. Anak SD di Jepang kelas 1-3, hanya belajar Budi Pekerti. Di Indo malah aneh2. Sin, cos, tangen aja anak smp udah pusing.;
@kompascom Yang penting mapel PMP di kembalikan...sekarang anak anak moral udah pada rusak;
"@kompascom Jangan jauh2 pak, kl ada anak sma nulis 9001 aj gk bisa, ditanya provinsi paling barat indonesia dijawab ""jawa barat"".";
@kompascom basics math aja masi banyak yg kacau;
@kompascom Hapus zonasi dulu pak, biar g ada jual beli bangku kosong;
@kompascom perkalian dasar aja banyak yg gak ngerti.. dah disuruh ngoding.;
@kompascom Blas barbarblas selama beranjak dewasa Saya berfikir jika sekolah dan pendidikan itu pembodohan masuk kedalam dunia main main dan tipu tipu kasihan umur buat main main. Dari usia dini sebisa mungkin harus menanamkan bekerja keras pada anak. Tanpa sekolahpun akan jadi orang.;
@kompascom Kejauhan kalo dikasih AI, skill problem-solving yg perlu dibuatkan kurikulumnya sejelas mungkin supaya belajarnya efektif;
"@kompascom Yg paling mendesak dilakukan adalah pendidikan karakter berlandaskan akhlak dan budi mulia. 
Bagaimana menumbuhkan kembangkan karakter ini? 

Jika terlambat, manusia menjadi keju, kejam dan brutal menggunakan teknologi, menzalimi manusia lain. 

Ayo bagaimana ini?";
@kompascom SD swasta sdh mulai berlakukan pelajaran itu, kenapa SD Negri tidak. Lanjut  Pak, tak usah dengar bacotan sperma2 abah;
@kompascom Ketimbang masukin ginian dalam pendidikan, ga mau gt masukin dulu pendidikan moral dari sejak dini? Aneh bgt pemerintah;
@kompascom Kalo yg diplosok bagaimana pan mentri mereka tidak punya pc/laptop dan internet, takut sama wapres karbitan ya;
"@NadaaaEsge @kompascom Mungkin kalau di SD bisa lbh fokus ke pengembangan logika berpikir n pemecahan masalah scr kreatif (berfikir komputasional)? Jujur, saat aku masuk IT,hal itu jd yg paling penting bgt, n itu bisa dibiasain dr SD. Bahkan saat pengenalan coding,
statistik/mtk malah g begitu digunain";
@kompascom Ini yang bener aja sih? Daripada mikirin tentang ai, coding dan sebagai macemnya, mending ratain dulu pendidikan di seluruh indo njir, bebenah dulu deh daripada pembaharuan lagi, g kasian sama guru kah? Beban udah banyak ini ditambahin terus, gaji yang dibanyakin mah bkn beban;
Bagaimana bisa, jika siswa-siswa tersebut bahkan belum menguasai matematika dasar atau membaca? Belum lagi fasilitasnya, siapa yang bisa menjamin ketersediaannya? Seharusnya fokus pada pemerataan pendidikan terlebih dahulu, perkecil kesenjangan pendidikan antara kota dan daerah. Sungguh ironis!;
@kompascom Dari pada masukin AI sama coding mending suruh belajar MS word dulu , bikin paragraf aja gak bisa malah disuruh ngoding.;
@kompascom Mending balik ke kurikulum lama aja pak, minimal yg relevan buat ke depannya. Buat ai sama coding tunda dulu sampai anak dirasa udah siap, sama teknologi. Bukan apa, masalahnya kelas 6 aja kadang ga bisa baca pak, percuma bgt kalau dasarnya udah rusak;
"Belajar gituan butuh jaringan internet kuat & stabil + listrik ga mati² ga sih?
Kalau iya, ga bisa diadakan di Tempur dan Karimunjawa nih.
Begitu juga di sangat banyak desa di pegunungan dan pulau². 
Ingat juga 3T.
Tempat² yang sebaiknya murid² dididik menrespon positif alam sekitar mereka.";
"@kompascom Udh gatau lg harus ngomong apa, tua bangka kalau ga ngebet teknologi teknologi kayak gatel banget

Fundamental dulu mending kuatin.";
@kompascom Untuk bisa belajar IT, pihak sekolah harus memiliki chrome book. Enggak semua sekolah mendapatkan chrome book. Alhasil enggak bisa mengajarkan IT. Satu-satunya peserta didik mengenal IT ketika guru mengajar menggunakan laptop dan infocus. Tahu kan pak prnya di mana?;
"@kompascom Ajarin cara antre 
Ajarin cara berterima kasih, mengatakan maaf dan bilang permisi
Itu dulu aja pak buat SD.
Gak semua sekolah SD punya lab komputer.
Emang udah siap memfasilitasi?";
@kompascom Iya iya, emang guru2nya udah mumpuni buat transfer ilmu AI dan Coding, terus2 yg dipedalaman yg lantai masih tanah gmn nasibnya?;
"@kompascom Sebaiknya sebelum diajarin AI sama Coding mending diajarin dulu tata krama dan life skill dasar yang sederhana.

If you judge a fish by its ability to climb a tree, it will live its whole life believing that it is stupid.";
@kompascom Mending di ajarin dulu katulis yang benar,  bahasa inggris dan asah logika. Kalo langsung ngoding apa ga blenger bocah;
sebelum mengajarkan AI dan coding sebaiknya dipastikan dulu para siswa sudah paham penjumlahan dan pengurangan, demikian sekedar usul;
 Pak dari pada ngajarin coding Ama AI lebih baik anak2 diajari adab biar ditekankan. @Abe_Mukti ... Sekarang udah banyak anak sekolah gak tau sopan santun, gara-gara terlalu dekat dengan teknologi sebelum masanya.;
@kompascom fokus di calistung udah pak. anak SMP msh byk ga mampu operasi matematika sederhana, peekalian, pembagian. mo nangisssss liatnyaaaa;
@kompascom Pendidikan yg diskriminatif, makin memperlebar kesenjangan antar sekolah dan memunculkan favoritisme sekolah;
 diajarin adab dan sopan santun dulu aja gasi;
"@kompascom Duh jadi malu gw sebagai simpatisan @muhammadiyah ..
Mas @ismailfahmi .
Gini amat yg katanya Professor...
Terlalu muluk -2.
Tapi pendidikan yg basic-2 masih ambyar.";
 Ini mah jadinya kesenjangan sosial lagi krn gak semua sekolah mampu aplikasiin ini. Kenapa ga fokus ngeratain pendidikan dan fasilitasnya dulu aja dah???;
@kompascom Fasilitas pendidikan di indo aja belum bagus dan merata, mending bagusin dulu sistemnya;
@bunshin_ysf1 @tempodotco saya dari SMP bukan cuma hafal provinsi dan ibukota provinsi indo, tapi juga hafal 50 negara bagian dan ibukotanya di amrik;
@tempodotco pak @gibran_tweet logika matematika nya dulu yang dikenalkan baru belajar algoritmanya sebelum belajar coding, karena coding mah gampang bisa belajar semalam dengan bantuan chatgpt cuman logika dan analisanya yang susah;
@genishiu @tempodotco Kepala dinas pendidikan sudah merespon  hal ini;
orang pintar menggunakan AI maka dia akan semakin pintar, dan sebaliknya jika orang yg menggunakannya bodoh maka akan semakin bodoh. Jadi, ya AI memang penting, tapi identitas intelektual dan kultural harus menjadi fondasi. Latah dalam berkebijakan dan terlalu cepat meromantisasi;
reminder menohok! ya 80% IQ 78 pake AI bakal masif korban halusinasi AI! pake AI itu modalnya sadar data & context awareness yg tajam, aka critical thinking! belum lg infra digital masih jomplang? bikin critical design thinking dulu buat guru & sesuaikan kurikulum!;
Siswa yang menggunakan GPT-4 dalam kapasitas tutor kayak yang dilakukan di acara “AI” yang didatengin Gibran kemarin, performa akademisnya lebih bagus. Tapi sekalinya dilarang di dalam kelas, akademis mereka lebih jelek dibanding yang ga pake AI ;
Kalo dari awal udah dibentuk untuk jadi “tukang” tanpa diberi ruang untuk bertanya “kenapa” ya akhirnya terbentuk mentalitas manut dan apolitis. Dan pola pikir kayak gitu gampang banget digiring jadi konservatif.;
Pendidikan dimahalin biar rakyatnya pada bodoh terus pemerintah bisa tuh korupsi sesuka hati mereka bukan begitu kata AI ;
Penggunaan AI bukannya cerdas tapi culas. Pagii, Begitulah pemikiran para bangke yg suka instant, tdk mau andil dlm pendidikan. Ujung-ujungnya ijazah sdh ditangan. Semuanya AI, dr kuliah hingga ujian. Trs yg pnya ijazah cuma ongkang2 kaki.;
"di hukum/pajak pun kalo gangerti basicnya rawan banget dibodohin.

harusnya penggunaan di pendidikan harus terbatas & diawasi, murid/mahasiswa belum punya kemampuan buat milah materi yg bener/tau sumber sahih buat kroscek kebenarannya. takutnya semua jawaban AI dianggap bener.";
"Bener2 AI Generatif spt ChatGPT dan kawan2 ini potensi keburukannya belum bisa diantisipasi bgt oleh pelajar pd umumnya. Cognitive deficiency...

Sistem pendidikan & tenaga pengajar perlu cara2 kreatif utk meminimalisir obsessive dependency pd AI Generatif...";
Masa dr kecil smuanya suruh pakai AI trus apa yg msk ke memory klo smuanya sudah dikerjakan oleh AI. Apakah itu tujuan nya supaya generasi mendatang semakin merosot pendidikan nya?;
pelatihan guru aja sekarang isinya belajar menggunakan AI. mana guru guru yg tua dan kurang mengenal teknologi pada bangga banget menggunakan AI. bobrok udah kualitas pendidikan negara ini.;
"Pertahanan yg kuat itu dasarnya SDM yg unggul.
SDM yg unggul itu dasarnya pendidikan yg berkualitas.

Jadi kuncinya tingkatkan dulu mutu pendidikan.

Pelajar2 itu nanti yg bikin AI, robot, drone, satelit, tank, pesawat dll.

Selama ranking PISA belum tembus top 20, sulit unggul.";
"""Tentu kita harus lebih usaha, bisa melakukan akselerasi mengejar ketertinggalan karena proses budaya AI, nonton, hadir secara bersamaan. Sementara di satu sisi kita punya PR tentang budaya baca,""pengamat pendidikan Unesa; Dr Martadi.";
Menteri Pendidikan, Kebudayaan, Riset, dan Teknologi (Mendikdasmen) menyatakan bahwa penggunaan Artificial Intelligence (AI) secara tidak bijak berpotensi membuat manusia menjadi culak atau kehilangan kemampuan berpikir kritis.;
Representatif kementerian pendidikan  vokal banget ngomongin codang-coding sama AI, padahal mostly adik2 kita masih error banget ngadepin soal2 matematika dasar dan juga tumpul berlogika. Ap gk kepikrian benerin hal2 yg lebih fundamental yah..;
Misal tuh AI sdh diterapkan kalau pemerintah gak IQ 50 gak ada namanya korupsi laptop kayak heboh kemarin di kementrian pendidikan indonesia , tiap proyek macam gitu harus pakai AI & kamera AI  , tau kenapa jd pake kamera AI ?;
Ya ini pd akhirnya kembali ke usaha menata kembali pedagogi kita, termasuk scr kritis mengacu pada taxonomi Bloom terbaru. Namun, miris, masalah pendidikan kita msh sangat mendasar hingga pd taraf tetap collapse bhkn sebelum the rise of AI.;
Diskusi nya yg tidak kalah penting. Profesi Guru: Berkecukupan atau Berkemampuan? berkecukupan maka administrasi pembelajaran adalah skema prioritas. Sedangkan Berkemampuan maka proses belajar adalah skema utama. hari ini? Guru ganti mobil tapi tidak ganti sertifikat pelatihan.;
Tp gw blg ya, dunia pendidikan dasar lebih baik sebelum ada AI dan video2 pendek kaya tiktok. Bener2 bikin downgrade cara kerja otak ga sih... Gemes sama anak2 yg males cari info padahal jaman skrg tinggal klik2 doang;
Di tangan manusia yang rakus, AI bisa jadi alat culas. Tapi di tangan manusia yang bijak, AI bisa jadi cahaya peradaban. Maka persoalannya bukan AI-nya, tapi manusianya. Pendidikan etika harus mendahului teknologi.;
bahaya untuk level pendidikan dasar sampai menengah, sulit untuk kontrol penggunaannya kecuali ada peraturan yang jelas dari kementerian pendidikan yang dilaksanakan dengan tegas oleh pihak sekolah. terlebih sampai saat ini belum ada seminar soal AI di sekolah untuk guru & ortu;
"Dia saja menteri pendidikan  dasar dan menengah. Anda sendiri g paham realita harusnya SD-SMA itu materi konsep dasar, AI bagusnya cuma pendidikan setelah dsarnya kuat.
Contoh yg culas anak SMK coding pakai Chatgpt, kalau ada trouble pasti bingung.";
in another side, pemerintah malah jadiin sektor pendidikan dan kesehatan sebagai sektor pendukung a.k.a. bukan menjadi concern utama dalam membenahi ini semua. ku rasa udh deh, stop sama ambisi buat negara maju, penuh ai, makan gratis. yuk mulai sama yg dasar dulu.;
Dengan dasar ini pula, maka Melek AI justru bisa didorong untuk menjadi materi wajib, bukan pilihan seperti yang dilekatkan pada gagasan pendidikan Koding dan KA oleh Pemerintah.;
"Masalah:
Rendahnya daya baca
Kebijakan pendidikan yang banyak perubahan meskipun pada satu visi yang sama - pertimbangkan AI
Kualitas guru - inputnya kurang berkualitas = outputnya juga
Kesenjangan antara swasta & negeri ";
Dorong Literasi Kecerdasan Artifisial, Kemenag Kaji Day of AI untuk Kurikulum Madrasah;
Sebelum kita bicara tentang AI dan teknologi canggih di ruang kelas, mari pastikan para guru hidup dengan layak dan bermartabat. Karena pendidikan yang berkualitas dimulai dari guru yang dihargai. Guru bukan hanya pengajar — mereka adalah penentu arah masa depan bangsa.;
@tempodotco Kaya dia ngerti ngoding aja si fufufafa;
@tempodotco masi banyak sekolah yg bangkunya reot, gurunya kaga dibayar;
@tempodotco gk ush fomo;
@tempodotco Yg nyuruh org bodoh...;
@biruterank Jadi kepikiran nikah kemudian pindah negara;
@tempodotco dia sndiri aja gatau apa itu coding asbun sekali si cengoh 1 ini;
@tempodotco Pak pak, anak murid ku pembagian aja belum bisa disuruh coding sama Ai, menyala otakku!;
@staysaferek @tempodotco otak omon omon.;
@tempodotco Emang dia ngerti apa yg di bikikn org2nya? Main sebut aja.;
@tempodotco yaila boro boro coding penjumlahan jg masih remidi;
@tempodotco usulan tanpa mikir panjang;
@tempodotco nggausah aneh aneh pls;
;
;
;
;
;
;
;
;
;
;
;
;
;
;
;
;
;
;
;
;
;
;
;
;
;
;
;
;
;
;
;
;
;
;
;
;
;
;
;
;
;
;
;
;
;
;
;
;
;
;
;
;
;
;
;
;
;
;
;
;
;
;
;
;
;
;
;
;
;
;
;
;
;
;
;
;
